"gin_name","kana","price_yen","bottle_ml","bottle_ml_kind","confidence","kind","context"
"agataJapan ORIGINALS 千葉県ジン","アガタジャパン オリジナルズ 千葉県","2550","700","default","48","text.yen","6 presented by agataJapan スターターセット 通常価格 ¥2,550から 通常価格 セール価格 ¥2,550から 売り切れ agataJapan ORIGINALS ジン-県ジンコンプリートセット- agataJap"
"AICHI Craft gin kiyosu","アイチ キヨス ジン","2350","500","title.ml","62","text.price-context","トン入 愛知クラフト ジン キヨス 40度 500ml瓶 1本 販売期間: 価格: 2,350円"
"AKAYANE CRAFT GIN HEART 秋","アカヤネ ハート アキ ジン","5280","720","page.ml","90","meta.product:price:amount",""
"AKAYANE CRAFT GIN 美風","アカヤネ ビフウ ジン","4400","500","title.ml","90","meta.price",""
"AMRTA GIN 夏 蝉時雨","アムリタ ナツ セミシグレ ジン","6050","800","price-context.ml","62","text.price-context","【内容量】1,800ml 瓶 ／ 1,100ml 瓶 【小売希望価格】1,800ml：8,470円（税込）／ 1,100ml：6,050円"
"AMRTA GIN 秋 柿紅葉","アムリタ アキ カキモミジ ジン","6050","800","price-context.ml","62","text.price-context","【内容量】1,800ml 瓶 ／ 1,100ml 瓶 【小売希望価格】1,800ml：8,470円（税込）／ 1,100ml：6,050円"
"AMRTA GIN 春 朧月夜","アムリタ ハル オボロヅキヨ ジン","6050","800","price-context.ml","62","text.price-context","【内容量】1,800ml 瓶 ／ 1,100ml 瓶 【小売希望価格】1,800ml：8,470円（税込）／ 1,100ml：6,050円"
"AWA GIN","アワ ジン","5500","720","page.ml","90","meta.product:price:amount",""
"BEEFEATER Crown Jewel","ビーフィーター クラウンジュエル","9070","1000","page.ml","95","jsonld.price","{""@type"":""Offer"",""priceCurrency"":""JPY"",""price"":""9070"",""availability"":""InStock""}"
"BENIZAKURA 9148 No.0104","ベニザクラ 9148 No.0104","4950","700","page.ml","62","text.price-context","Iを付け込んだ国際品評会で金賞をいただいているレギュラー商品。 価格｜4950円"
"BENIZAKURA 9148 No.1308","ベニザクラ 9148 No.1308","4950","700","page.ml","62","text.price-context","Iを付け込んだ国際品評会で金賞をいただいているレギュラー商品。 価格｜4950円"
"BENIZAKURA 9148 No.1995","ベニザクラ 9148 No.1995","4950","700","page.ml","62","text.price-context","Iを付け込んだ国際品評会で金賞をいただいているレギュラー商品。 価格｜4950円"
"BENIZAKURA DISTILLERY ＃0000","ベニザクラ No.0000","4950","700","page.ml","62","text.price-context","Iを付け込んだ国際品評会で金賞をいただいているレギュラー商品。 価格｜4950円"
"BROCKMANS PREMIUM GIN","ブロックマンズ プレミアム ジン","4700","700","price-context.ml","62","text.price-context","ンズプレミアムジンはアルコール度数40度・700mlで、最安値(税込)は4,700円"
"CACAO ETHIQUE BATCH NO.1","カカオ エティーク バッチ No.1","3300","375","page.ml","90","meta.og:price:amount",""
"CACAO ETHIQUE T","カカオ エティーク T","3300","375","page.ml","90","meta.og:price:amount",""
"CAMP Gin","キャンプ ジン","2310","200","page.ml","95","jsonld.price","{""@type"":""Offer"",""url"":""https://store.musashiya-net.co.jp/products/detail/23513"",""priceCurrency"":""JPY"",""price"":2310,""availability"":""OutOfStock""}"
"CAORUNN Small Batch Scottish GIN","カルーン スモールバッチ ジン","2200","700","title.ml","95","jsonld.price","{""@type"":""Offer"",""priceCurrency"":""JPY"",""price"":""2200"",""itemCondition"":""http://schema.org/NewCondition"",""availability"":""http://schema.org/InStock"",""seller"":{""@ty"
"COTSWOLDS Old Tom Gin","コッツウォルズ オールドトム ジン","4950","700","page.ml","95","jsonld.price","{""@type"":""Offer"",""url"":""https://store.musashiya-net.co.jp/products/detail/18026"",""priceCurrency"":""JPY"",""price"":4950,""availability"":""InStock""}"
"CRAFT GIN PACHI PACHI","パチパチ ジン","935","700","page.ml","48","text.yen","5 青森県/秋田県/岩手県 ¥1,045 ¥1,375 宮城県/山形県/福島県 ¥935 ¥1,265 茨城県/群馬県/栃木県/埼玉県/千葉県/神奈川県/東京都/山梨県 ¥935 ¥1,265 新潟県/長野県 ¥935 ¥1,265 静岡県"
"CRESCENT","クレセント","15000","500","title.ml","95","jsonld.price","{""@type"":""Offer"",""price"":""15000"",""priceCurrency"":""JPY"",""seller"":{""@type"":""Organization"",""name"":""""}}"
"DRUMSHANBO GUNPOWDER IRISH GIN","ドラムシャンボ ガンパウダー ジン","5170","700","page.ml","95","jsonld.price","{""@type"":""Offer"",""url"":""https://store.musashiya-net.co.jp/products/detail/22941"",""priceCurrency"":""JPY"",""price"":5170,""availability"":""OutOfStock""}"
"EIRIN CRAFT YUZUGIN","エイリン 柚子","7920","700","title.ml","95","jsonld.price","{""@type"":""Offer"",""url"":"""",""availability"":""http://schema.org/InStock"",""priceCurrency"":""JPY"",""price"":""7920""}"
"EMPRESS 1908 ELDERFLOWER ROSE GIN","エンプレス 1908 エルダーフラワー ローズ ジン","4363","750","page.ml","95","jsonld.price","{""@type"":""Offer"",""sku"":""8989"",""availability"":""http://schema.org/InStock"",""price"":4363,""priceCurrency"":""JPY"",""url"":""https://www.syurui.co.jp/products/8989?varian"
"EMPRESS 1908 GIN","エンプレス 1908 ジン","3890","750","page.ml","95","jsonld.price","{""@type"":""Offer"",""sku"":""4596"",""availability"":""http://schema.org/InStock"",""price"":3890,""priceCurrency"":""JPY"",""url"":""https://www.syurui.co.jp/products/4596?varian"
"ETHICAL GIN LITTLE JOY SPIRITS","エシカル リトルジョイ スピリッツ ジン","3300","375","page.ml","62","text.price-context","際フォーラム店内で開催するPOP-UP（6/2~6/3限定） 【販売価格】 3,300円"
"ETHICAL GIN LOSS IS MORE","エシカル ロスイズモア ジン","4125","375","page.ml","90","meta.og:price:amount",""
"FOUR PILLARS Chakging Seasons Gin","フォーピラーズ チェンジングシーズンズ","4800","700","page.ml","95","jsonld.price","{""@type"":""Offer"",""url"":""https://store.musashiya-net.co.jp/products/detail/17718"",""priceCurrency"":""JPY"",""price"":""4800.00"",""itemCondition"":""http://schema.org/NewC"
"GARAPPA ~#1 CRAFT GIN~ 河童","ガラッパ 河童 ジン","3630","720","title.ml","95","jsonld.price","{""@type"":""Offer"",""price"":3630,""priceCurrency"":""JPY"",""itemCondition"":""http://schema.org/NewCondition"",""url"":""https://store.shopping.yahoo.co.jp/kishuichibanya/cg"
"GIN nez -銀鼠-","ネ 銀鼠 ジン","10800","200","title.ml","95","jsonld.price","{""@type"":""Offer"",""price"":10800,""priceCurrency"":""JPY"",""itemCondition"":""http://schema.org/NewCondition"",""url"":""https://store.shopping.yahoo.co.jp/nondonkai/100158"
"GOTO GIN prototype‐x","ゴトジン プロトタイプ-x","5000","600","price-context.ml","48","text.yen","ース（会員限定） 五島つばき蒸溜所 スペシャル定期コース（会員限定） 通常価格 ¥5,000 (税込) 通常価格 セール価格 ¥5,000 (税込) 単価 / あたり 【受注販売】GOTOGIN 菰樽 （４斗樽サイズ／中味3,600ml付）"
"GOTO GIN prototype‐ｙ","ゴトジン プロトタイプ-y","5000","600","price-context.ml","48","text.yen","ース（会員限定） 五島つばき蒸溜所 スペシャル定期コース（会員限定） 通常価格 ¥5,000 (税込) 通常価格 セール価格 ¥5,000 (税込) 単価 / あたり 【受注販売】GOTOGIN 菰樽 （４斗樽サイズ／中味3,600ml付）"
"GOTO GIN the cacao","ゴトジン ザカカオ","5000","600","price-context.ml","48","text.yen","ース（会員限定） 五島つばき蒸溜所 スペシャル定期コース（会員限定） 通常価格 ¥5,000 (税込) 通常価格 セール価格 ¥5,000 (税込) 単価 / あたり 【受注販売】GOTOGIN 菰樽 （４斗樽サイズ／中味3,600ml付）"
"GOTO GIN the origin","ゴトジン ザオリジン","5000","600","price-context.ml","48","text.yen","ース（会員限定） 五島つばき蒸溜所 スペシャル定期コース（会員限定） 通常価格 ¥5,000 (税込) 通常価格 セール価格 ¥5,000 (税込) 単価 / あたり 【受注販売】GOTOGIN 菰樽 （４斗樽サイズ／中味3,600ml付）"
"GOTO GIN 間伏の秋朝映","ゴトジン まぶしのあきあさばえ","5000","600","price-context.ml","48","text.yen","ース（会員限定） 五島つばき蒸溜所 スペシャル定期コース（会員限定） 通常価格 ¥5,000 (税込) 通常価格 セール価格 ¥5,000 (税込) 単価 / あたり 【受注販売】GOTOGIN 菰樽 （４斗樽サイズ／中味3,600ml付）"
"GOTO GIN 高浜の潮騒","ゴトジン たかはまのしおさい","5000","600","price-context.ml","48","text.yen","ース（会員限定） 五島つばき蒸溜所 スペシャル定期コース（会員限定） 通常価格 ¥5,000 (税込) 通常価格 セール価格 ¥5,000 (税込) 単価 / あたり 【受注販売】GOTOGIN 菰樽 （４斗樽サイズ／中味3,600ml付）"
"GOTO GIN 春霞の野々切","ゴトジン はるがすみののぎり","5000","600","price-context.ml","48","text.yen","ース（会員限定） 五島つばき蒸溜所 スペシャル定期コース（会員限定） 通常価格 ¥5,000 (税込) 通常価格 セール価格 ¥5,000 (税込) 単価 / あたり 【受注販売】GOTOGIN 菰樽 （４斗樽サイズ／中味3,600ml付）"
"GOTO GIN 風薫る空の旅","ゴトジン かぜかおるそらのたび","5000","600","price-context.ml","48","text.yen","ース（会員限定） 五島つばき蒸溜所 スペシャル定期コース（会員限定） 通常価格 ¥5,000 (税込) 通常価格 セール価格 ¥5,000 (税込) 単価 / あたり 【受注販売】GOTOGIN 菰樽 （４斗樽サイズ／中味3,600ml付）"
"HAYMAN'S","ヘイマンズ","2850","700","page.ml","95","jsonld.price","{""@type"":""Offer"",""url"":""https://store.musashiya-net.co.jp/products/detail/8466"",""priceCurrency"":""JPY"",""price"":""2850.00"",""itemCondition"":""http://schema.org/NewCo"
"HAYMAN'S Old Tom","ヘイマンズ オールドトム","2530","700","page.ml","95","jsonld.price","{""@type"":""Offer"",""priceCurrency"":""JPY"",""price"":""2530"",""availability"":""InStock""}"
"HINATA","ヒナタ","5500","750","page.ml","95","jsonld.price","{""@type"":""Offer"",""url"":""https://store.musashiya-net.co.jp/products/detail/14920"",""priceCurrency"":""JPY"",""price"":5500,""availability"":""InStock""}"
"HOLON GIN","ホロン ジン","5500","500","page.ml","95","jsonld.price","{""@type"":""Offer"",""sku"":""nocreditholon"",""availability"":""http://schema.org/InStock"",""price"":5500,""priceCurrency"":""JPY"",""priceValidUntil"":""2026-07-05"",""url"":""https"
"HOLON GIN AME","ホロン アメ ジン","5700","500","price-context.ml","62","text.price-context","ジェリカ、ローズマリー、パンダンリーフ、シナモン、馬告 ・容量・価格 レギュラーボトル（単品） 500ml／ 5,700円"
"HOLON GIN SEASONAL 金木犀","ホロン シーズナル 金木犀 ジン","3000","500","page.ml","48","text.yen","ION HOLON GOODS 嗜みと器 HOLONロゴ入り オリジナルグラス ¥3,000 数量 Add to Cart 木村ガラス店の""ベッロ""をセレクトしたHOLONのロゴ入りグラス。 DETAILS GOODS COLLECTION"
"HOLON GIN SEASONAL 桜","ホロン シーズナル 桜 ジン","5700","500","price-context.ml","62","text.price-context","： HOLON SEASONA 春 ＜桜＞ 容量： 500ml 価格： 5,700円"
"HOLON GIN SEASONAL 梅紫蘇","ホロン シーズナル 梅紫蘇 ジン","5900","500","url.ml","90","meta.product:price:amount",""
"HOLON GIN SEASONAL 蜜柑","ホロン シーズナル 蜜柑 ジン","3000","500","page.ml","48","text.yen","ION HOLON GOODS 嗜みと器 HOLONロゴ入り オリジナルグラス ¥3,000 数量 Add to Cart 木村ガラス店の""ベッロ""をセレクトしたHOLONのロゴ入りグラス。 DETAILS GOODS COLLECTION"
"HOLON GIN 晴","ホロン 晴 ジン","5700","500","price-context.ml","62","text.price-context","ジェリカ、ローズマリー、パンダンリーフ、シナモン、馬告 ・容量・価格 レギュラーボトル（単品） 500ml／ 5,700円"
"ISLE OF HARRIS GIN","アイル オブ ハリス ジン","6600","700","page.ml","95","jsonld.price","{""@type"":""Offer"",""price"":""6600"",""priceCurrency"":""JPY"",""availability"":""http://schema.org/InStock"",""url"":""""}"
"JAPANESE GIN 翠","翠 スイ ジン","1349","700","title.ml","90","meta.price",""
"KAGUA GIN","カグア ジン","4500","500","price-context.ml","62","text.price-context","IN（カグア ジン） 容量：500ml アルコール度数：45％ 価格：参考上代 4,500円"
"KOMASA Gin ほうじ茶","コマサ ほうじ茶 ジン","3850","500","price-context.ml","62","text.price-context","の他ボタニカル素材 容量： 500ml アルコール分： 45% 価格： 3,850円"
"KOMASA Gin 桜島小みかん","コマサ 桜島小みかん ジン","3850","500","price-context.ml","62","text.price-context","の他ボタニカル素材 容量： 500ml アルコール分： 45% 価格： 3,850円"
"KOMASA Gin 苺","コマサ 苺 ジン","3850","500","price-context.ml","62","text.price-context","の他ボタニカル素材 容量： 500ml アルコール分： 45% 価格： 3,850円"
"KOZUE GIN","コズエ ジン","2916","700","price-context.ml","62","text.price-context","見て決して安いものではありません。 しかし、「槙-KOZUE」の価格は700mlで税込2,916円"
"KUBOTA GIN","クボタ ジン","1210","700","page.ml","62","text.price-context","の商品に限ります。 [送料] 1お届け先の配送につき以下の送料（税込）となります。 北海道 北東北 南東北 関東 北信越 中部 1,210円"
"KUBOTA GIN よそふ春","クボタ ジン よそふはる","1210","700","page.ml","62","text.price-context","の商品に限ります。 [送料] 1お届け先の配送につき以下の送料（税込）となります。 北海道 北東北 南東北 関東 北信越 中部 1,210円"
"LADY TRIỆU CONTEMPORARY VIETNAM GIN","レディトリエウ コンテンポラリー ジン","5600","750","url.ml","95","jsonld.price","{""@type"":""Offer"",""name"":""Default Title"",""availability"":""https://schema.org/InStock"",""price"":""5,600"",""priceCurrency"":""JPY"",""priceValidUntil"":""2026-07-04"",""sku"":"""
"MALFY GIN Con Limone","マルフィ コン リモーネ ジン","4039","700","page.ml","95","jsonld.price","{""@type"":""Offer"",""sku"":""1301"",""availability"":""http://schema.org/InStock"",""price"":4039,""priceCurrency"":""JPY"",""url"":""https://www.syurui.co.jp/products/1301?varian"
"MARTIN MILLER'S GIN","マーティンミラーズ ジン","4730","700","page.ml","95","jsonld.price","{""@type"":""Offer"",""url"":""https://store.musashiya-net.co.jp/products/detail/12072"",""priceCurrency"":""JPY"",""price"":4730,""availability"":""InStock""}"
"MARTIN MILLER’S GIN 9MOONS","マーティンミラーズ 9ムーンズ ジン","14000","350","page.ml","62","text.price-context","5（0.99） ケース：17.5×24.5×19（5.0） 参考価格 14,000円"
"NAKATSU GIN CHITA BANANA","ナカツ チタ バナナ ジン","3850","500","page.ml","90","meta.product:price:amount",""
"NAKATSU GIN RUBYGRAPEFRUIT","ナカツ ルビーグレープフルーツ ジン","3500","500","title.ml","95","jsonld.price","{""@type"":""http://schema.org/Offer"",""availability"":""OutOfStock"",""url"":""https://www.saketry.com/208940.html"",""price"":3500,""priceCurrency"":""JPY""}"
"NAKATSU GIN ベルガモット 1st Batch","ナカツ ベルガモット 1stバッチ ジン","3850","700","default","48","text.yen","は次のシーズンの生産までお待ちください。 NAKATSU GIN（梅 1st） ¥3,850 COMING SOON NAKATSU GIN（ レモングラス 5Batch） ¥3,850 NAKATSU GIN（ 知多バナナ 4th ） ¥"
"NAKATSU GIN（ 知多バナナ 3rd Batch ）","ナカツ 知多バナナ 3rdバッチ ジン","3850","500","page.ml","95","jsonld.price","{""@id"":""/products/nakatsu-gin-%E7%9F%A5%E5%A4%9A%E3%83%90%E3%83%8A%E3%83%8A-3rd-batch?variant=46370611101953#offer"",""@type"":""Offer"",""availability"":""http://schem"
"NORDES Atlantic Galician Gin","ノルデス アトランティック ジン","4268","700","title.ml","95","jsonld.price","{""@type"":""Offer"",""price"":4268,""priceCurrency"":""JPY"",""itemCondition"":""http://schema.org/NewCondition"",""url"":""https://store.shopping.yahoo.co.jp/syupoppo/nordes-a"
"OFF TRAIL – Azeotrope #1 【New Pot】Beer Distilled Gin","オフトレイル アゼオトロープ #1 ニューポット ビア ジン","4730","500","page.ml","95","jsonld.price","{""@type"":""Offer"",""url"":""https://store.musashiya-net.co.jp/products/detail/19983"",""priceCurrency"":""JPY"",""price"":4730,""availability"":""OutOfStock""}"
"OFF TRAIL – Azeotrope #2 【New Pot Blended】Malt Gin","オフトレイル アゼオトロープ #2 ニューポットブレンデッド モルト ジン","4730","500","page.ml","95","jsonld.price","{""@type"":""Offer"",""url"":""https://store.musashiya-net.co.jp/products/detail/19983"",""priceCurrency"":""JPY"",""price"":4730,""availability"":""OutOfStock""}"
"OSUZU GIN","オスズ ジン","2035","200","price-context.ml","48","text.yen","e 日本語 OSUZU GIN OSUZU GIN 200ml: Price: ¥2,035 (including tax) Vol.: 200ml Alc.: 45% OSUZU GIN 700ml: Price: ¥4,290 (inc"
"OSUZU GIN DistiRally NEXT 2022","オスズ ディスティラリー ネクスト 2022 ジン","4400","700","price-context.ml","62","text.price-context","NEXT 2022」のボトル 容量：700ml 度数：45% 価格：4,400円"
"PLATINVM London Dry Gin GOLD 24K","プラチナム ゴールド 24K ジン","2431","700","url.ml","48","text.yen","ngle.css(""float"", ""left""); } } }); })); ¥2,431 ¥ 2,431 ( ¥324 ¥324 / 100 ml) 24 pt (1%) .sp_ppu_string { vertical-align:"
"ROKUMOJI Craft GIN 2023 Botanical Trip","ロクモジ 2023 ボタニカルトリップ ジン","6000","700","price-context.ml","62","text.price-context","CAL TRIPとなっております。 700ml 5,455円 （税込 6,000円"
"SILENT POOL Gin","サイレントプール ジン","4950","700","page.ml","95","jsonld.price","{""@type"":""Offer"",""sku"":""5060411480001"",""availability"":""http://schema.org/InStock"",""price"":4950,""priceCurrency"":""JPY"",""priceValidUntil"":""2026-07-05"",""url"":""https"
"SILENT POOL Rare Citrus Gin","サイレントプール レアシトラス ジン","5720","700","page.ml","95","jsonld.price","{""@type"":""Offer"",""url"":""https://store.musashiya-net.co.jp/products/detail/18755"",""priceCurrency"":""JPY"",""price"":5720,""availability"":""InStock""}"
"Sipsmith Lemon Drizzle Gin","シップスミス レモンドリズル ジン","4550","700","title.ml","90","meta.price",""
"SIPSMITH V.J.O.P BLACK","シップスミス V.J.O.P ブラック","4598","700","page.ml","95","jsonld.price","{""@type"":""Offer"",""priceCurrency"":""JPY"",""price"":""4598"",""availability"":""InStock""}"
"STAR OF BOMBAY","スター オブ ボンベイ","1500","750","title.ml","62","text.price-context","の他 割材・ジュース類 果汁系 ザクロジュース ソーダ系 割材 価格で探す ～1,500円"
"STILL DAM GIN NANKOU UME-スティルダムジン 南高梅-","スティルダム 南高梅 ジン","4950","500","page.ml","95","jsonld.price","{""@id"":""/products/gin-stilldam-gin-shiso-ume?variant=43923977535574#offer"",""@type"":""Offer"",""availability"":""http://schema.org/OutOfStock"",""price"":""4950"",""priceCu"
"STILL DAM GIN STOOM SHIPS","スティルダム ストゥームシップス ジン","2500","375","price-context.ml","62","text.price-context","ハーフ375 アルコール分：45％／内容量：375ml 小売希望価格：2,500円"
"STILLDAM GIN 1st Anniversary Lemongrass & Bergomot","スティルダム 1stアニバーサリー レモングラス＆ベルガモット ジン","2500","375","price-context.ml","62","text.price-context","ハーフ375 アルコール分：45％／内容量：375ml 小売希望価格：2,500円"
"STILLDAM GIN ING 2nd dot","スティルダム イング 2nd ドット ジン","2500","375","price-context.ml","62","text.price-context","ハーフ375 アルコール分：45％／内容量：375ml 小売希望価格：2,500円"
"STILLDAM GIN NANKOU UME","スティルダム 南高梅 ジン","4950","500","page.ml","95","jsonld.price","{""@id"":""/products/gin-stilldam-gin-shiso-ume?variant=43923977535574#offer"",""@type"":""Offer"",""availability"":""http://schema.org/OutOfStock"",""price"":""4950"",""priceCu"
"STILLDAM GIN Roast & Smoke","スティルダム ロースト＆スモーク ジン","2500","375","price-context.ml","62","text.price-context","ハーフ375 アルコール分：45％／内容量：375ml 小売希望価格：2,500円"
"STILLDAM GIN Saga mikan","スティルダム 佐賀みかん ジン","2500","375","price-context.ml","62","text.price-context","ハーフ375 アルコール分：45％／内容量：375ml 小売希望価格：2,500円"
"STILLDAM GIN Standard","スティルダム スタンダード ジン","2500","375","price-context.ml","62","text.price-context","ハーフ375 アルコール分：45％／内容量：375ml 小売希望価格：2,500円"
"STILLDAM ING single dot","スティルダム イング シングルドット","2500","375","price-context.ml","62","text.price-context","ハーフ375 アルコール分：45％／内容量：375ml 小売希望価格：2,500円"
"TANQUERAY Malacca Gin","タンカレー マラッカ ジン","3058","1000","page.ml","95","jsonld.price","{""@type"":""Offer"",""priceCurrency"":""JPY"",""price"":""3058"",""availability"":""OutOfStock""}"
"THE HERBALIST YASO GIN Limited Edition 03 Not Equal","ハーバリスト 八蘇 リミテッドエディション 03 ノットイコール ジン","7480","700","page.ml","95","jsonld.price","{""@type"":""Offer"",""price"":""7480"",""priceCurrency"":""JPY"",""availability"":""http://schema.org/InStock"",""url"":""""}"
"TOKYO HACHIO GIN Classic（40%）","東京 八王子 クラシック ジン","4450","500","page.ml","95","jsonld.price","{""@type"":""Offer"",""url"":"""",""availability"":""http://schema.org/InStock"",""priceCurrency"":""JPY"",""price"":""4450""}"
"TOKYO HACHIO GIN Classic（45%）","東京 八王子 クラシック ジン","4450","500","page.ml","95","jsonld.price","{""@type"":""Offer"",""url"":"""",""availability"":""http://schema.org/InStock"",""priceCurrency"":""JPY"",""price"":""4450""}"
"Unbirthday 指宿 DRY GIN","アンバースデイ 指宿 ジン","2200","700","title.ml","95","jsonld.price","{""@type"":""Offer"",""priceCurrency"":""JPY"",""price"":2200,""itemCondition"":""https://schema.org/NewCondition"",""availability"":""https://schema.org/InStock"",""seller"":{""@ty"
"Water Dragon Spirits","ウォータードラゴン","3333","700","price-context.ml","62","text.price-context","ラゴンスピリッツ） 内容量：700ml アルコール度数：47度 価格：3,333円"
"WELLNESS GIN","ウェルネス ジン","6600","500","title.ml","95","jsonld.price","{""@type"":""Offer"",""url"":""https://store.musashiya-net.co.jp/products/detail/22843"",""priceCurrency"":""JPY"",""price"":6600,""availability"":""InStock""}"
"WHITLEY NEILL","ウィットリーニール","3335","700","page.ml","95","jsonld.price","{""@type"":""Offer"",""sku"":""3463"",""availability"":""http://schema.org/InStock"",""price"":3335,""priceCurrency"":""JPY"",""url"":""https://www.syurui.co.jp/products/3463?varian"
"WHITLEY NEILL Gooseberry","ウィットリーニール グーズベリー","4298","700","title.ml","95","jsonld.price","{""@type"":""Offer"",""price"":4298,""priceCurrency"":""JPY"",""itemCondition"":""http://schema.org/NewCondition"",""url"":""https://store.shopping.yahoo.co.jp/enokishouten/3r-4"
"WHITLEY NEILL Quince","ウィットリーニール クインス","3208","700","page.ml","95","jsonld.price","{""@type"":""Offer"",""sku"":""3486"",""availability"":""http://schema.org/InStock"",""price"":3208,""priceCurrency"":""JPY"",""url"":""https://www.syurui.co.jp/products/3486?varian"
"WHITLEY NEILL Raspberry","ウィットリーニール ラズベリー","3300","700","page.ml","95","jsonld.price","{""@type"":""Offer"",""sku"":""5011166057116"",""availability"":""http://schema.org/InStock"",""price"":3300,""priceCurrency"":""JPY"",""priceValidUntil"":""2026-07-05"",""url"":""https"
"WHITLEY NEILL RHUBARB & GINGER GIN","ウィットリーニール ルバーブ＆ジンジャー","3335","700","page.ml","95","jsonld.price","{""@type"":""Offer"",""sku"":""3513"",""availability"":""http://schema.org/InStock"",""price"":3335,""priceCurrency"":""JPY"",""url"":""https://www.syurui.co.jp/products/3513?varian"
"アルケミエ","アルケミエ","5000","500","page.ml","95","jsonld.price","{""@type"":""Offer"",""url"":""https://store.musashiya-net.co.jp/products/detail/20279"",""priceCurrency"":""JPY"",""price"":5000,""availability"":""OutOfStock""}"
"アルケミエ 4","アルケミエ 4","6200","500","page.ml","95","jsonld.price","{""@type"":""Offer"",""price"":""6200"",""priceCurrency"":""JPY"",""availability"":""http://schema.org/InStock"",""url"":""""}"
"アルケミエ ファーストエッセンス オレンジ＃12","アルケミエ ファーストエッセンス オレンジ ＃12","5500","500","page.ml","95","jsonld.price","{""@type"":""Offer"",""url"":""https://store.musashiya-net.co.jp/products/detail/23969"",""priceCurrency"":""JPY"",""price"":5500,""availability"":""OutOfStock""}"
"アルケミエ 金木犀","アルケミエ キンモクセイ","5500","500","page.ml","95","jsonld.price","{""@type"":""Offer"",""url"":""https://store.musashiya-net.co.jp/products/detail/25568"",""priceCurrency"":""JPY"",""price"":5500,""availability"":""OutOfStock""}"
"アルケミエ 犬啼 ジュニパー","アルケミエ イヌナキ ジュニパー","5000","500","page.ml","95","jsonld.price","{""@type"":""Offer"",""url"":""https://store.musashiya-net.co.jp/products/detail/20279"",""priceCurrency"":""JPY"",""price"":5000,""availability"":""OutOfStock""}"
"火の帆 KIBOU","ホノホ キボウ","6490","500","title.ml","95","jsonld.price","{""@id"":""/products/155230818?variant=51512199020820#offer"",""@type"":""Offer"",""availability"":""http://schema.org/InStock"",""price"":""6490"",""priceCurrency"":""JPY"",""url"":"
"火の帆 KIBOU BLUE","ホノホ キボウ ブルー","5940","500","price-context.ml","62","text.price-context","、レモンバーム、ヤロウ、イエローヤロウ) が使用されています。 価格は、500mlで5,940円"
"火の帆 UMI","ホノホ ウミ","8030","500","page.ml","95","jsonld.price","{""@type"":""Offer"",""url"":""https://store.musashiya-net.co.jp/products/detail/23115"",""priceCurrency"":""JPY"",""price"":8030,""availability"":""InStock""}"
"花物語","キザクラ ハナモノガタリ","3850","700","page.ml","95","jsonld.price","{""@type"":""Offer"",""url"":""https://store.musashiya-net.co.jp/products/detail/18858"",""priceCurrency"":""JPY"",""price"":3850,""availability"":""InStock""}"
"香の雫","カノシズク","1034","300","price-context.ml","62","text.price-context","クテル 300ml アルコール度数 22% リキュール 希望小売価格 1,034円"
"香の森","カノモリ","5192","700","price-context.ml","62","text.price-context","ナップ 700ml アルコール度数 47% スピリッツ 希望小売価格 (税込み)5,192円"
"香立","コウリツ","2500","700","page.ml","95","jsonld.price","{""@type"":""Offer"",""url"":""https://store.musashiya-net.co.jp/products/detail/16572"",""priceCurrency"":""JPY"",""price"":""2500.00"",""itemCondition"":""http://schema.org/NewC"
"黒澤 白樺 ジン","クロサワ シラカバ","3300","500","price-context.ml","62","text.price-context","使用。 アルコール分の調整には 白樺の樹液 を使用しています。 価格は、500mlで3,300円"
"秋田杉","アキタスギ","1136","200","price-context.ml","62","text.price-context","入数 6本 秋田杉GIN 内容量 200ml 容器 瓶 参考小売価格（税抜） 1,136円"
"赤鳥居","アカトリイ","2420","700","title.ml","62","text.price-context","トジン】【スピリッツ】【光武酒造場 公式通販/佐賀県】 本店特別価格 ¥ 2,420 税込"
"草木酒フォレストジン","クサキシュ フォレスト","2440","500","page.ml","95","jsonld.price","{""@type"":""Offer"",""sku"":""FGIN-100"",""availability"":""http://schema.org/InStock"",""price"":2440,""priceCurrency"":""JPY"",""url"":""https://nihonkusakilab.com/products/%E8%8"
"日の丸ジン 蔵風土 HINOMARU GIN CRAFT","ヒノマル クラフウド ジン","3850","700","page.ml","95","jsonld.price","{""@type"":""Offer"",""sku"":""22000008"",""availability"":""http://schema.org/InStock"",""price"":3850,""priceCurrency"":""JPY"",""priceValidUntil"":""2026-07-05"",""url"":""https://hi"
"北水鐘","キタスイショウ","1500","700","title.ml","62","text.price-context","の他 割材・ジュース類 果汁系 ザクロジュース ソーダ系 割材 価格で探す ～1,500円"
"欅","ケヤキ","1980","700","page.ml","62","text.price-context","（税込） ＋ 金華さば水煮 ＋ グルテンフリー 米粉パスタ 6パック：1,980円"
